{
  "date": "2023-11-01T19:06:12.931Z",
  "title": "Café Colonial: Descubra a combinação perfeita com sequilhos prontos",
  "thumbnail": "/img/uploads/cafe-da-era-vitoriana-min.png",
  "body": "No mundo da gastronomia, existem experiências que são verdadeiros tesouros culinários. Uma delas é o Café Colonial, um evento que combina charme, requinte e uma variedade de delícias para satisfazer o paladar dos mais exigentes. Neste artigo, vamos explorar o fascínio do Café Colonial e descobrir como os sequilhos prontos podem ser a combinação perfeita para esse tradicional evento gastronômico.\n\n![café colonial](/img/uploads/victorian-tea-party-elegance-lace-vintage-tea-sets.jpg)\n\n### O charme e requinte do Café Colonial:\n\nO Café Colonial é uma tradição que remonta aos tempos coloniais, quando as famílias se reuniam para compartilhar momentos especiais em torno de uma mesa farta e cheia de iguarias. Essa prática foi trazida pelos imigrantes europeus para o Brasil, e desde então se tornou uma parte essencial da cultura gastronômica de várias regiões do país.\n\n### A importância dos sequilhos nesse tradicional evento gastronômico:\n\nNo Café Colonial, cada elemento da mesa desempenha um papel fundamental na experiência gastronômica. E é aí que entram os sequilhos. Esses pequenos biscoitos crocantes e saborosos são indispensáveis para acompanhar as demais delícias servidas no Café Colonial. Eles complementam os diferentes sabores, oferecem texturas e proporcionam uma experiência única ao paladar.\n\n### Por que escolher sequilhos prontos para o seu Café Colonial:\n\nQuando se trata de preparar um Café Colonial, a praticidade e a conveniência são fatores importantes a serem considerados. Optar por sequilhos prontos pode facilitar muito o processo de organização, permitindo que você se concentre em outros detalhes do evento. Além disso, ao escolher sequilhos prontos, você terá acesso a uma variedade de sabores e texturas, garantindo que haja opções para agradar a todos os gostos. Inclusive, os sequilhos prontos oferecem a garantia de qualidade e frescor, uma vez que são produzidos por especialistas que se dedicam a criar biscoitos de alta qualidade.\n\n### Dicas para montar um Café Colonial memorável:\n\n##### Planejamento e organização:\n\nAntes de começar a preparar seu Café Colonial, é essencial fazer um planejamento cuidadoso. Defina o tema e o estilo do evento, escolhendo se deseja um Café Colonial tradicional ou com toques modernos. Isso ajudará a orientar a seleção de alimentos e a decoração. Além disso, escolha um local adequado para receber seus convidados e convide as pessoas que você deseja compartilhar essa experiência gastronômica única.\n\n![café-colonial](/img/uploads/coffee-cup-coffee-beans-1-min.jpg \"café colonial\")\n\n##### Seleção de alimentos e bebidas:\n\nNo Café Colonial, a variedade de alimentos e bebidas é fundamental. Inclua delícias da culinária regional, como pães frescos e diversos, queijos e embutidos de qualidade, bolos e tortas caseiras, além de cafés e chás aromáticos. Lembre-se também de oferecer opções vegetarianas e sem glúten para atender às preferências alimentares de todos os convidados. Os sequilhos prontos serão a estrela do seu Café Colonial, então certifique-se de escolher sabores tradicionais e também opções diferenciadas para surpreender seus convidados.\n\n##### O papel dos sequilhos no Café Colonial:\n\nOs sequilhos desempenham um papel fundamental no Café Colonial. Eles são indispensáveis para acompanhar os demais alimentos servidos, proporcionando uma combinação perfeita de sabores e texturas. Seja com um café quente ou um chá aromático, os sequilhos prontos oferecem uma experiência única ao paladar. Experimente harmonizá-los com queijos, geleias ou até mesmo com frutas frescas. As possibilidades são infinitas.\n\nDesfrutar de um Café Colonial é uma experiência única. É a oportunidade de apreciar uma mesa farta e repleta de sabores irresistíveis. E com os sequilhos prontos, a combinação se torna ainda mais perfeita. A praticidade, a variedade de sabores e a garantia de qualidade e frescor fazem dos sequilhos prontos a escolha ideal para o seu Café Colonial. Então, aproveite essa experiência gastronômica única e descubra o sabor e a praticidade dessa combinação perfeita com sequilhos prontos.\n\nPensando em preparar o seu? Dá uma olhada na nossa seleção de Sequilhos!",
  "meta_title": "Como preparar um Café colonial",
  "sections": [
    {
      "type": "breadcrumbs",
      "enabled": true
    },
    {
      "type": "page-title"
    },
    {
      "type": "blog-post",
      "enabled": true
    },
    {
      "type": "collection-shelf",
      "shuffle": false,
      "limit": 12,
      "page": 3,
      "collection_id": "5f7dcc30b2161709fa3c0b53:collections:Você vai amar 💛:/voce-vai-amar-",
      "sort": "views"
    }
  ]
}