{
  "date": "2024-01-31T17:09:49.689Z",
  "title": "Como Fazer Sequilhos Doces",
  "meta_title": "Receitas para Surpreender o Paladar",
  "body": "Se você é fã de biscoitos leves e crocantes que derrete na boca, os sequilhos doces são uma opção irresistível para satisfazer seu desejo por doces. Neste artigo, vamos compartilhar algumas receitas deliciosas de sequilhos doces que certamente vão surpreender o seu paladar.\n\nPrepare para mergulhar no mundo encantador dos sequilhos e aprender como fazer essas pequenas delícias em sua própria cozinha!\n\n![sequilhos-feitos-em-casa](/img/uploads/sequilhos-acabados.webp \"sequilhos acabados \")\n\n### Sequilho com Goiaba (Pastelzinho)\n\n**Ingredientes:**\n\n* 200g de manteiga sem sal\n* 1 xícara de açúcar\n* 3 xícaras de amido de milho\n* 1 xícara de farinha de trigo\n* 1 colher de chá de essência de baunilha\n* Goiabada cortada em cubos\n\n**Modo de Preparo:**\n\n1. Pré-aqueça o forno a 180°C.\n2. Em uma tigela, bata a manteiga com o açúcar até obter uma mistura cremosa.\n3. Adicione o amido de milho, a farinha de trigo e a essência de baunilha, misturando até formar uma massa homogênea.\n4. Faça pequenas bolinhas, achate-as levemente e coloque um cubo de goiabada no centro de cada uma.\n5. Feche a massa ao redor da goiabada, formando bolinhas novamente.\n6. Coloque os sequilhos em uma assadeira e leve ao forno por aproximadamente 15 minutos, ou até que fiquem levemente dourados.\n\n![goiaba-e-goiabada](/img/uploads/goiaba-e-goiabada.webp \"goiaba\")\n\n### Sequilho de Folha de Baunilha \n\n**Ingredientes:**\n\n* 200g de manteiga sem sal\n* 1 xícara de açúcar\n* 3 xícaras de farinha de trigo\n* 1 xícara de farinha de trigo\n* Sementes de 2 vagens de baunilha (ou 2 colheres de chá de extrato de baunilha)\n\n**Modo de Preparo:**\n\n1. Pré-aqueça o forno a 180°C.\n2. Bata a manteiga com o açúcar até obter uma mistura cremosa.\n3. Adicione a farinha de trigo e as sementes de baunilha (ou extrato de baunilha), misturando até formar uma massa homogênea.\n4. Modele pequenos sequilhos e coloque-os em uma assadeira.\n5. Asse por 12-15 minutos, ou até que estejam levemente dourados.\n\n![flores-de-baunilha](/img/uploads/flores-de-baunilha.webp \"flores de baunilha\")\n\n### Sequilho de Coco\n\n**Ingredientes:**\n\n* 200g de manteiga sem sal\n* 1 xícara de açúcar\n* 3 xícaras de coco ralado\n* 1 xícara de farinha de trigo\n* 1 colher de chá de essência de baunilha\n\n**Modo de Preparo:**\n\n1. Pré-aqueça o forno a 180°C.\n2. Misture a manteiga e o açúcar até formar uma mistura cremosa.\n3. Adicione o coco ralado, a farinha de trigo e a essência de baunilha, misturando bem.\n4. Faça pequenos sequilhos e coloque-os em uma assadeira.\n5. Asse por 15-20 minutos, ou até que fiquem dourados nas bordas.\n\n![coco-ralado-na-massa](/img/uploads/coco-ralado-e-da-massa-sendo-moldada.webp \"coco ralado e da massa sendo moldada\")\n\n### Sequilho de Canela\n\n**Ingredientes:**\n\n* 200g de manteiga sem sal\n* 1 xícara de açúcar\n* 3 xícaras de farinha de trigo\n* 2 colheres de chá de canela em pó\n* 1 colher de chá de essência de baunilha\n\n**Modo de Preparo:**\n\n1. Pré-aqueça o forno a 180°C.\n2. Bata a manteiga com o açúcar até obter uma mistura cremosa.\n3. Adicione a farinha de trigo, a canela em pó e a essência de baunilha, misturando até formar uma massa homogênea.\n4. Modele pequenos sequilhos e coloque-os em uma assadeira.\n5. Asse por 12-15 minutos. Após esfriar, desfrute do aroma delicioso da canela.\n\n![canela-na-massa](/img/uploads/canela-em-po.webp \"canela em pó e da massa sendo moldada\")\n\n### Sequilho de Goma\n\n**Ingredientes:**\n\n* 200g de manteiga sem sal\n* 1 xícara de açúcar\n* 3 xícaras de polvilho azedo\n* 1 xícara de queijo parmesão ralado\n\n**Modo de Preparo:**\n\n1. Em uma tigela, bata a manteiga com o açúcar até obter uma mistura cremosa.\n2. Adicione o polvilho azedo e o queijo parmesão, misturando bem.\n3. Modele pequenos sequilhos em formato de bolinhas ou palitos.\n4. Coloque-os em uma assadeira e leve ao forno preaquecido a 180°C por cerca de 15 minutos, ou até que fiquem levemente dourados.\n\n![polvilho-azedo-e-queijo](/img/uploads/polvilho-azedo-e-do-queijo-parmesao-ralado.webp \"polvilho azedo e do queijo parmesão ralado\")\n\n### Sequilho de Milho\n\n**Ingredientes:**\n\n* 200g de manteiga sem sal\n* 1 xícara de açúcar\n* 3 xícaras de fubá\n* 1 xícara de queijo minas meia-cura ralado\n* 1 colher de chá de erva-doce (opcional)\n\n**Modo de Preparo:**\n\n1. Pré-aqueça o forno a 180°C.\n2. Bata a manteiga com o açúcar até obter uma mistura cremosa.\n3. Adicione o fubá, o queijo minas meia-cura e a erva-doce, misturando até formar uma massa homogênea.\n4. Modele pequenos sequilhos e coloque em uma assadeira.\n5. Asse por 15-20 minutos, ou até que estejam levemente dourados.\n\n![fuba-queijo-erva-doce](/img/uploads/fuba-queijo-minas-meia-cura-ralado-e-erva-doce.webp \"fubá, do queijo minas meia-cura ralado e da erva-doce\")\n\nAgora que você possui um repertório diversificado de receitas de sequilhos doces. Sinta-se à vontade para experimentar e compartilhar essas delícias com amigos e familiares.  \n\n**Tá em dúvidas de como armazenar seus sequilhos?** Temos algumas dicas para você [aqui](https://loja.sequilhato.com.br/posts/dicas-para-armazenar-seus-sequilhos)\n\nSe preferir a praticidade, explore nossos sequilhos prontos na [Loja Sequilhato](https://loja.sequilhato.com.br/sequilhos-doce). Transforme seus momentos culinários em verdadeiros banquetes de sabor! Descubra ainda mais opções de sequilhos prontos e sabores incríveis em nossa [loja online](https://loja.sequilhato.com.br/sequilhos-doce). \n\nFaça seu pedido agora e receba essas delícias diretamente na sua casa. **Visite a Loja [Sequilhato](https://loja.sequilhato.com.br/sequilhos-doce)e permita-se desfrutar do melhor dos sequilhos!**",
  "sections": [
    {
      "type": "breadcrumbs",
      "enabled": true
    },
    {
      "type": "page-title"
    },
    {
      "type": "blog-post",
      "enabled": true
    },
    {
      "type": "collection-shelf",
      "shuffle": false,
      "limit": 12,
      "page": 1,
      "collection_id": "5f6e28a37430f92180f5395f:categories:Doce:/sequilhos-doce"
    }
  ],
  "thumbnail": "/img/uploads/receitas-doces.png"
}