{
  "date": "2024-04-30T19:57:36.139Z",
  "title": "Como Montar Uma Cesta de Dia das Mães?",
  "thumbnail": "/img/uploads/cesta-dia-das-maes.webp",
  "meta_description": "",
  "meta_title": "Cesta de Dia das Mães com Sequilhos - Presenteie com Sabor e Carinho!",
  "body": "<!--StartFragment-->\n\nO Dia das Mães é uma data que transcende o presentear. É um momento de celebrar o amor, o carinho e o cuidado que essa mulher tão especial dedicou à nossa vida. É uma oportunidade de agradecer por sua presença constante, por seu apoio incondicional e por todas as vezes que nos acolheu em seus braços.\n\n\n\nPresentear no Dia das Mães é uma forma de expressar nossa gratidão e fortalecer os laços que nos unem. É uma maneira de demonstrar o quanto ela significa para nós e o quanto a valorizamos. E que tal escolher um presente que seja mais do que um simples objeto? Que tal oferecer uma experiência única e memorável, capaz de despertar sensações e criar lembranças que durarão para sempre?\n\n\n\nÉ pensando nisso que a cesta de café da manhã se torna a opção perfeita para o Dia das Mães. Mais do que um presente, é um gesto de carinho e atenção, afinal, imagine a alegria dela ao acordar e receber uma cesta recheada com delícias cuidadosamente selecionadas para proporcionar um momento de puro prazer e relaxamento!\n\n\n\nMais do que um presente, você estará oferecendo a ela uma experiência sensorial completa, capaz de despertar sorrisos e criar memórias inesquecíveis.\n\n\n\nA cesta de café da manhã é também uma ótima maneira de personalizar o presente de acordo com os gostos da sua mãe. Você pode escolher produtos que ela aprecia, como chás especiais, chocolates gourmet, frutas frescas, os sequilhos favoritos e muito mais. As opções são infinitas, basta usar a criatividade e o amor como ingredientes principais.\n\n\n\nNeste Dia das Mães, surpreenda a mulher mais importante da sua vida com uma cesta de café da manhã repleta de carinho, sabor e afeto. Demonstre o quanto ela significa para você e crie um momento único que será para sempre lembrado.\n\n### Dicas para Montar a Cesta de Dia das Mães Perfeita:\n\n\n\n### Defina o orçamento:\n\nComece definindo quanto você deseja investir na cesta. Isso ajudará a escolher os produtos e a quantidade ideal. Não se preocupe em gastar muito, o importante é escolher produtos que sua mãe realmente goste e aprecie.\n\n\n\n### Escolha os produtos:\n\nSelecione produtos de alta qualidade que sua mãe aprecia. Além dos sequilhos, inclua chocolates, chás, cafés, vinhos, doces, frutas secas, biscoitos, etc. Opte por produtos frescos e de marcas que ela conhece e gosta.\n\n\n\n### Personalize a cesta:\n\nAcrescente itens que demonstrem o seu cuidado e carinho, como uma carta escrita à mão, uma foto de vocês juntos, um cartão de presente para sua loja favorita, um porta-retratos com uma foto de vocês dois, uma caneca personalizada com a frase \"Melhor Mãe do Mundo\", etc.\n\n\n\n### Embalagem:\n\nCapriche na embalagem da cesta! Utilize um cesto bonito e resistente, decore com fitas, flores artificiais, papel celofane ou outros elementos decorativos. Você também pode usar um tecido bonito para forrar o cesto.\n\n\n\n### Apresentação:\n\nOrganize os produtos dentro da cesta de forma harmoniosa e criativa. Utilize papel celofane para proteger os produtos e dar um toque especial à cesta. Você pode colocar os produtos em diferentes níveis para criar um efeito visual mais interessante.\n\n\n\n### Dicas extras:\n\n* Se você não sabe quais produtos escolher, peça ajuda a um amigo ou familiar que conhece bem os gostos da sua mãe.\n* Você também pode comprar uma cesta pronta e personalizar com alguns itens especiais.\n* Se você for presentear a sua mãe à distância, você pode enviar a cesta por um serviço de entrega.\n* Não se esqueça de escrever um cartão com uma mensagem carinhosa para sua mãe.\n\n\n\nCom essas dicas, você poderá montar uma cesta de Dia das Mães perfeita que ela jamais esquecerá!\n\n\n\n**Lembre-se:**\n\nO mais importante é que a cesta seja feita com amor e carinho. Escolha produtos que sua mãe realmente goste e aprecie, e capriche na apresentação. A cesta de Dia das Mães é uma ótima maneira de demonstrar o quanto você a ama e a valoriza.\n\nO Dia das Mães é uma data que transcende o presentear. É um momento de celebrar o amor, o carinho e o cuidado que essa mulher tão especial dedicou à nossa vida. É uma oportunidade de agradecer por sua presença constante, por seu apoio incondicional e por todas as vezes que nos acolheu em seus braços.\n\nPresentear no Dia das Mães é uma forma de expressar nossa gratidão e fortalecer os laços que nos unem. É uma maneira de demonstrar o quanto ela significa para nós e o quanto a valorizamos. E que tal escolher um presente que seja mais do que um simples objeto? Que tal oferecer uma experiência única e memorável, capaz de despertar sensações e criar lembranças que durarão para sempre?\n\nÉ pensando nisso que a cesta de café da manhã se torna uma opção perfeita para o Dia das Mães. Mais do que um presente, é um gesto de carinho e atenção, afinal, imagine a alegria dela ao acordar e receber uma cesta recheada com delícias cuidadosamente selecionadas para proporcionar um momento de puro prazer e relaxamento!\n\nMais do que um presente, você estará oferecendo a ela uma experiência sensorial completa, capaz de despertar sorrisos e criar memórias inesquecíveis.\n\nA cesta de café da manhã é também uma ótima maneira de personalizar o presente de acordo com os gostos da sua mãe. Você pode escolher produtos que ela aprecia, como chás especiais, chocolates gourmet, frutas frescas, os sequilhos favoritos e muito mais. As opções são infinitas, basta usar a criatividade e o amor como ingredientes principais.\n\nNeste Dia das Mães, surpreenda a mulher mais importante da sua vida com uma cesta de café da manhã repleta de carinho, sabor e afeto. Demonstre o quanto ela significa para você e crie um momento único que será para sempre lembrado.\n\n## Dicas para Montar a Cesta de Dia das Mães Perfeita:\n\n![](/img/uploads/dia-das-maes-mae-e-filha.webp)\n\nDefina o orçamento: Comece definindo quanto você deseja investir na cesta. Isso ajudará a escolher os produtos e a quantidade ideal. Não se preocupe em gastar muito, o importante é escolher produtos que sua mãe realmente goste e aprecie.\n\nEscolha os produtos: Selecione produtos de alta qualidade que sua mãe aprecia. Além dos sequilhos, inclua chocolates, chás, cafés, vinhos, doces, frutas secas, biscoitos, etc. Opte por produtos frescos e de marcas que ela conhece e gosta.\n\nPersonalize a cesta: Acrescente itens que demonstrem o seu cuidado e carinho, como uma carta escrita à mão, uma foto de vocês juntos, um cartão de presente para sua loja favorita, um porta-retratos com uma foto de vocês dois, uma caneca personalizada com a frase \"Melhor Mãe do Mundo\", etc.\n\nEmbalagem: Capriche na embalagem da cesta! Utilize um cesto bonito e resistente, decore com fitas, flores artificiais, papel celofane ou outros elementos decorativos. Você também pode usar um tecido bonito para forrar o cesto.\n\nApresentação: Organize os produtos dentro da cesta de forma harmoniosa e criativa. Utilize papel celofane para proteger os produtos e dar um toque especial à cesta. Você pode colocar os produtos em diferentes níveis para criar um efeito visual mais interessante.\n\nDicas extras:\n\n* Se você não sabe quais produtos escolher, peça ajuda a um amigo ou familiar que conhece bem os gostos da sua mãe.\n* Você também pode comprar uma cesta pronta e personalizar com alguns itens especiais.\n* Se você for presentear a sua mãe à distância, você pode enviar a cesta por um serviço de entrega.\n* Não se esqueça de escrever um cartão com uma mensagem carinhosa para sua mãe.\n\nCom essas dicas, você poderá montar uma cesta de Dia das Mães perfeita que ela jamais esquecerá!\n\nLembre-se: O mais importante é que a cesta seja feita com amor e carinho. Escolha produtos que sua mãe realmente goste e aprecie, e capriche na apresentação. A cesta de Dia das Mães é uma ótima maneira de demonstrar o quanto você a ama e a valoriza.\n\n## Ideias Criativas para Cestas de Dia das Mães:\n\n![](/img/uploads/mae-e-filha-cesta-dia-das-maes.webp \"dia das maes presentes\")\n\n#### Cesta Café da Manhã:\n\n* Pães fresquinhos (francês, integral, brioche);\n* Bolos caseiros (de cenoura, chocolate, laranja);\n* Geleias artesanais (morango, framboesa, damasco);\n* Manteiga e queijo;\n* Café em pó ou cápsulas;\n* Leite;\n* Suco natural;\n* Iogurte com granola;\n* Frutas frescas da estação.\n\n#### Cesta Chá da Tarde:\n\n* Chás variados (verde, preto, branco, aromatizados);\n* Bolo inglês;\n* Sequilhos;\n* Mini sanduíches;\n* Torta de frutas;\n* Doces finos;\n* Geleia gourmet;\n* Xícara e pires personalizados.\n\n#### Cesta Gourmet:\n\n* Queijos selecionados (brie, camembert, gorgonzola);\n* Frios fatiados (presunto, salame, mortadela);\n* Vinho tinto ou branco;\n* Azeitonas temperadas;\n* Pães gourmet (ciabatta, focaccia);\n* Geleias gourmet;\n* Chocolates belgas;\n* Castanhas e frutas secas.\n\n#### Cesta Relaxante:\n\n* Velas aromáticas;\n* Sais de banho;\n* Óleos essenciais;\n* Toalhas macias;\n* Chás calmantes (camomila, erva-cidreira,melissa);\n* Leite de banho perfumado;\n* Máscara de dormir;\n* Almofada massageadora.\n\n## Demonstre Seu Amor e Carinho com Uma Cesta Personalizada:\n\nDepois de escolher os produtos que farão parte da cesta de Dia das Mães, é hora de dar um toque pessoal e único ao presente.\n\nPersonalize a cesta com itens que demonstrem o seu conhecimento sobre os gostos da sua mãe:\n\n* Um livro do seu autor favorito;\n* Uma boneca que ela sempre quis;\n* Um kit de pintura para quem gosta de artes;\n* Um kit de jardinagem para quem gosta de plantas;\n* Um porta-retratos com uma foto de vocês juntos;\n* Um cartão com uma mensagem carinhosa escrita à mão.\n\n#### Acrescente um toque especial à cesta com:\n\n* Flores artificiais ou naturais;\n* Fitas coloridas;\n* Papel celofane transparente;\n* Um laço de presente;\n* Uma pelúcia;\n* Um balão com uma mensagem carinhosa.\n\nDecore a cesta de acordo com a personalidade da sua mãe: Se ela gosta de cores vibrantes, use fitas e flores coloridas; Se ela prefere um estilo mais clássico, use fitas de cetim e flores brancas; Se ela gosta de algo mais divertido, use um balão com uma mensagem carinhosa. Com um pouco de criatividade e carinho, você poderá montar uma cesta de Dia das Mães única e especial que ela jamais esquecerá!\n\n**E não pode faltar, para completar o presente perfeito, adicione os [sequilhos favoritos](https://loja.sequilhato.com.br) da sua mãe! Boa sorte e um feliz dia das mães ❤️**\n\n<!--EndFragment-->",
  "sections": [
    {
      "type": "breadcrumbs",
      "enabled": true
    },
    {
      "type": "page-title"
    },
    {
      "type": "blog-post",
      "enabled": true
    },
    {
      "type": "collection-shelf",
      "shuffle": false,
      "limit": 12,
      "page": 1,
      "collection_id": "5f7dcc30b2161709fa3c0b53:collections:Você vai amar 💛:/voce-vai-amar-"
    }
  ]
}