{
  "date": "2022-04-27T22:07:51.817Z",
  "title": "Você sabe qual é a origem dos sequilhos?",
  "body": "![Pastel de Queijo Com Goiaba](/img/uploads/pastel-queijo-com-goiaba.webp \"Pastel de Queijo Com Goiaba\")\n\nBiscoito, raivinha de goma, bolacha, saquarema… O sequilho tem vários nomes, mas **a fama é única:** independente do nome, o **seu sabor é incomparável** e combina com todos os momentos!\n\n### Mas você sabe de onde ele surgiu?\n\nDe origem portuguesa, os sequilhos chegaram ao Brasil junto aos primeiros colonizadores, lá no século 17 (XVII), e **foi ganhando os corações dos brasileiros!** Ainda na mesma época, houve um momento de extrema escassez de mantimentos, então essas deliciosas bolachinhas de goma foram reinventadas.\n\nCom os indígenas, os portugueses aprenderam a substituir o trigo dessa receita por derivados da mandioca, como o polvilho, deixando os sequilhos com uma **textura mais leve e crocante.**\n\n### Falando em reinvenção…\n\nAté hoje, essa receita ganha variações e corações por todos os lados. Temos sequilhos de todos os tipos, para todos os gostos e ocasiões!\n\nCanela, café, milho, queijo e goiabada são alguns dos exemplos mais queridinhos por aqui! Cada sequilho **carrega um pouquinho de amor e história** que são os ingredientes mais importantes da nossa receita. \n\nSeja acompanhando um chá, suco ou uma taça de vinho, com sua crocância e sabor leve dá **até um quentinho no coração!**\n\nAqui na [Sequilhato](https://loja.sequilhato.com.br/search?term=), você encontra os sequilhos mais deliciosos feitos com amor, e com ingredientes de alta qualidade, e claro, sem deixar o sabor de casa da vovó. Confira as nossas opções de sequilhos doces, salgados, recheados, kits **e muito mais [em nosso site!](https://loja.sequilhato.com.br/search?term=)**\n\n**Vem dar uma olhada!**",
  "sections": [
    {
      "type": "breadcrumbs",
      "enabled": true
    },
    {
      "type": "page-title",
      "title": "A origem dos Sequilhos"
    },
    {
      "type": "blog-post",
      "enabled": true
    },
    {
      "type": "collection-shelf",
      "shuffle": false,
      "limit": 12,
      "page": 1,
      "collection_id": "5f7dcc30b2161709fa3c0b53:collections:Você vai amar 💛:/voce-vai-amar-",
      "sort": "views",
      "headless": false
    }
  ],
  "thumbnail": "/img/uploads/carequinha.jpg",
  "description": "",
  "meta_title": "Descubra a História e Variedades dos Sequilhos",
  "meta_description": "Saiba mais sobre a origem dos sequilhos, desde sua chegada ao Brasil no século 17 até as deliciosas reinvenções atuais. Conheça a história por trás dessas bolachinhas de goma, agora disponíveis em diversas opções na [Sequilhato]. Sequilhos feitos com amor, ingredientes de qualidade e o sabor inconfundível que aquece corações. Explore nossas opções de sequilhos doces, salgados, recheados, kits e mais em nosso site! Vem dar uma olhada e surpreenda-se!"
}