{
  "title": "Sequilhos com Goiabada",
  "date": "2021-03-02T14:44:26.078Z",
  "thumbnail": "/img/uploads/a_arte_de_fazer_sequilhos-jpg.jpg",
  "description": "\n",
  "body": "",
  "meta_title": "Sequilho com Goiabada",
  "meta_description": "A receita de Sequilhos com Goiabada é muito fácil de fazer. Confira aqui o passo a passo e saboreie essa delícia de sabor! ",
  "sections": [
    {
      "type": "banner-slider",
      "autoplay": 9000,
      "slides": [
        {
          "start": "2021-03-10T00:11:02.065Z",
          "end": "",
          "img": "/img/uploads/receita-sequilhos-com-goiabada.jpg",
          "link": "https://loja.sequilhato.com.br/sequilhos-pastel-queijo-com-goiaba"
        }
      ]
    },
    {
      "type": "breadcrumbs",
      "enabled": true
    },
    {
      "type": "page-title",
      "title": "Receita de Sequilhos com Goiabada",
      "description": "Uma receita de Sequilhos com Goiabada muito fácil de fazer."
    },
    {
      "type": "custom-content",
      "markdown": "<!--StartFragment-->\n\n## Ingredientes\n\n* 1 caixa ou lata de leite condensado\n* 1 ovo grande\n* 2 colheres bem cheia de margarina derretida\n* 1 pitadinha de sal\n* 1 colherinha de (café) de fermento em pó\n* 500 gramas de amido de milho\n* goiabada cortada em tirinhas para rechear\n\n## Modo de Preparo\n\n1. coloque o leite condensado, o ovo e a margarina, mexa com um colher de pau até misturar tudo muito bem, acrescente a pitadinha de sal e o fermento em pó, agora vá colocando aos poucos o amido de milho até dar o ponto de enrolar e não grudar nas mãos.\n2. pegue pedaços da massa e abra com forma de rolinhos e recheie com a goiabada, feche esses rolo de massa e corte em pedacinhos, a goiabada ficara dentro da massa.\n3. ou se quiser modelar do seu gosto, faça bolinhas e coloque um pedacinho de goiabada em cima de cada bolinha. use sua imaginação para modelar os sequilhos.\n4. leve ao forno já aquecido, em forma untada e polvilhada com farinha de trigo por aproximadamente 15 à 20 minutos, ele assa muito rápido e fica muito macio e delicioso, derrete na boca!!\n5. depois de assado guarde em potinho com tampa. Eles duram muito tempo.\n6. essa receita rendeu 82 unidades.\n\n<!--EndFragment-->"
    },
    {
      "type": "collection-shelf",
      "shuffle": false,
      "limit": 12,
      "page": 1,
      "collection_id": "603e4e536d50911b6051b05a:collections:Com Goiabada:/com-goiabada",
      "title": "Já preparamos para você! 😋"
    }
  ]
}