{
  "assetsByChunkName": {
    "vendors~app-account~app-confirmation~app-order": "chunk.1352c02aabe17e81c2c7.js",
    "vendors~app-account~app-checkout": "chunk.6193fa845340a7b8f4c8.js",
    "vendors~app-cart~app-checkout": "chunk.cdf02239b835ddfa9d6c.js",
    "admin": [
      "admin.dfe8522c00b0f6cdaa0c.js",
      "admin.dfe8522c00b0f6cdaa0c.js.map"
    ],
    "app-account": "chunk.85c3ca946844400bfc4b.js",
    "app-cart": "chunk.66a7cb9164ccd1a88d00.js",
    "app-checkout": "chunk.ac3fc8243afa865b7351.js",
    "app-confirmation": "chunk.14be4fec18ceb72a7f16.js",
    "app-order": "chunk.75178e6480e871956e0f.js",
    "checkout": [
      "checkout.05a3dd212a5ab24f6814.js",
      "checkout.05a3dd212a5ab24f6814.js.map"
    ],
    "storefront": [
      "storefront.004281510f6266380ac3.css",
      "storefront.2c124773f36390a4b099.js",
      "storefront.004281510f6266380ac3.css.map",
      "storefront.2c124773f36390a4b099.js.map"
    ],
    "vendors~app-account": "chunk.3b1502174ac0a5a251bb.js",
    "vendors~app-cart": "chunk.90d0bcb3b0be730e8071.js",
    "vendors~app-checkout": "chunk.f3396f4739ae4450ecc6.js"
  }
}