{
  "description": {
    "title": "",
    "text": ""
  },
  "links_1": {
    "list_pages": false,
    "title": "Informações",
    "list": [
      {
        "text": "Contato",
        "url": "https://www.sequilhato.com.br/fale-conosco/"
      },
      {
        "text": "Sobre Nós",
        "url": "https://www.sequilhato.com.br/sobre/"
      },
      {
        "url": "/pages/entrega",
        "text": "Condições de Entrega"
      },
      {
        "url": "/pages/privacidade",
        "text": "Política de privacidade"
      },
      {
        "url": "/pages/trocas",
        "text": "Trocas e devoluções"
      },
      {
        "text": "Atacado (Revenda)",
        "url": "https://forms.gle/5ic3iRGbVjeR3iax6"
      }
    ]
  },
  "links_2": {
    "list_categories": true,
    "title": "Categorias",
    "list": [
      {
        "text": "Contato",
        "url": "https://www.sequilhato.com.br/fale-conosco/"
      }
    ]
  },
  "contacts": {
    "title": "Contatos",
    "phone_wpp": true,
    "socials": true,
    "email": true,
    "address": true
  },
  "stamps": [
    {
      "src": "/img/uploads/ssl-safe.png",
      "alt": "Secure connection"
    },
    {
      "src": "/img/uploads/selo-google-removebg-preview.png"
    },
    {
      "src": "/img/uploads/selo-pagseguro.png"
    }
  ],
  "payment_methods": {
    "bb": false,
    "visa": true,
    "boleto": true,
    "aura": false,
    "banrisul": false,
    "elo": true,
    "hipercard": true,
    "hsbc": false,
    "bradesco": false,
    "santander": false,
    "mastercard": true,
    "citibank": false,
    "hiper": true,
    "diners": true,
    "mais": false,
    "amex": true,
    "itau": false
  },
  "credits": "Razão Social: SEQUILHATO LTDA / CNPJ: 00.413.503/0001-999"
}