{
  "marketing_stripe": {
    "text": "🚚 FRETE GRÁTIS EM TODO SITE* (CONFIRA AS REGRAS)",
    "link": "https://loja.sequilhato.com.br/pages/entrega",
    "background": "#802e34",
    "color": "#ffffff"
  },
  "contacts_stripe": {
    "pages": [
      {
        "title": "Blog",
        "link": "loja.sequilhato.com.br/blog"
      }
    ],
    "phone_wpp": true,
    "socials": false
  },
  "categories_list": {
    "featured": [
      "/sequilhos-doce?Doce",
      "/sequilhos-salgado?Salgado",
      "/sequilhos-recheado?Recheado",
      "/kits-de-sequilhos?Kits Especiais",
      "/para-presente?Para Presente",
      "/depoimentos?Depoimentos",
      "/blog?Blog",
      "/ofertas?Ofertas",
      "/revenda?Revenda"
    ],
    "random": 0,
    "full_width": true
  },
  "search_input": true,
  "desktop_megamenu": true,
  "full_width_submenu": true,
  "alphabetical_order_submenu": true
}