{
  "meta_title": "Sequilhato - Comprar Sequilhos finos com ingredientes selecionados e sabor único!",
  "meta_description": "A trajetória desses deliciosos sequilhos começa com ingredientes fundamentais em qualquer negócio: amor e dedicação, além de uma bonita história de superação. Venha conferir o melhor Sequilho do nordeste brasileiro!",
  "sections": [
    {
      "type": "banner-slider",
      "autoplay": 15000,
      "slides": [
        {
          "start": "2025-08-08T18:40:01.284Z",
          "end": "",
          "img": "/img/uploads/pastel-de-queijo-com-goiaba-desktop-_1_.webp",
          "link": "https://loja.sequilhato.com.br/sequilhos-pastel-queijo-com-goiaba",
          "mobile_img": "/img/uploads/pastel-de-queijo-com-goiaba-mobile-_1_.webp"
        },
        {
          "start": "",
          "end": "",
          "img": "/img/uploads/kits-de-revenda-desktop.webp",
          "link": "https://loja.sequilhato.com.br/revenda",
          "mobile_img": "/img/uploads/kits-de-revenda-mobile.webp"
        }
      ],
      "full_width": true
    },
    {
      "type": "collection-shelf",
      "shuffle": true,
      "collection_id": "6114124133f3ce442f898dd4:collections:Mais Vendidos 💞:/mais-vendidos",
      "title": ""
    },
    {
      "type": "custom-html",
      "html": "<style>\n  \n @media (min-width: 768px) {\n   .celltronics-deskonly{\n    background: #59b946  0% 0% no-repeat padding-box;\n    border-radius: 5px;\n    letter-spacing: 0px;\n    color: #FFFFFF;\n    text-transform: uppercase;\n    padding: 5px 110px;\n   \n  }\n\n .celltronics-deskonly:hover{\n    background: green  0% 0% no-repeat padding-box;\n    border-radius: 5px;\n    letter-spacing: 0px;\n    color: #FFFFFF;\n    text-transform: uppercase;\n    padding: 5px 110px;\n   text-decoration: none;\n  }\n  \n  .sobre_cell_container{\n  height: 300px;\n  }\n  \n  .sobre_cell_title h4 {\n    text-decoration: solid underline black 4px;\n    letter-spacing: 0;\n    margin-bottom: 20px;\n}\n  \n  .sobre_cell_title h4:after {\n    background: #eee;\n    content: \"\";\n    display: block;\n    height: 1px;\n    width: 100%;\n}\n  \n  .celltronics-mobileonly {\n    display: none;\n  }\n  \n  iframe{\n    width: 500px;\n    height: 200px;\n  }\n  \n  }\n  \n\n@media (max-width: 767px) {\n  .custom-html.my-4.my-lg-5:last-child .html-clearfix {\n    overflow: hidden;\n  }\n  \n  .sobre_cell_text {\n    flex-direction: column;\n  } \n  \n   .sobre_cell_text p{\n    display: none;\n  } \n  .celltronics-mobileonly {\n    background: #59b946  0% 0% no-repeat padding-box;\n    border-radius: 5px;\n    letter-spacing: 0px;\n    color: #FFFFFF;\n    text-transform: uppercase;\n    padding: 5px 110px;\n  }\n  \n  iframe{\n    width: 420px;\n    height: 420px;\n    padding-bottom: 20px;\n  }\n  \n  .celltronics-deskonly{\n    display: none;\n  }\n  \n  .sobre_cell_video {\n    width: 100%;\n    height: 100%;\n    padding-top: 20px;\n  }\n  \n  .sobre_cell_container {\n    text-align: center;\n    width: 100%;\n    height: 100%;\n  }\n}\n  </style>\n\n<!--\n    Este código HTML representa uma seção sobre a Sequilhato, contendo informações e um vídeo relacionados a ela.\n-->\n \n<div class=\"sobre_cell_container row\">\n  <!-- Container principal para a seção -->\n\n  <div class=\"sobre_cell_title col-12\">\n    <!-- Título da seção -->\n    \n    <h4>\n      <span>Sobre a <b>Sequilhato</b></span>\n    </h4>\n  </div>\n\n  <div class=\"sobre_cell_text col-md-6 col-12\">\n    <!-- Texto da seção -->\n    \n    <h5>A Arte de fazer Sequilhos!</h5>\n    <!-- Subtítulo -->\n\n    <p></p>\n    \n    <p>A trajetória desses deliciosos sequilhos começa com ingredientes fundamentais em qualquer negócio: amor e dedicação, além de uma bonita história de superação.</p>\n    <p>Conheça um pouquinho mais dessa nossa história!</p>\n    <!-- Descrição sobre a Sequilhato -->\n\n    <a href=\"https://sequilhato.com.br/sobre/\" class=\"celltronics-deskonly\">SAIBA MAIS</a>\n    <!-- Link para saber mais sobre a Sequilhato (visível apenas em dispositivos desktop) -->\n  </div>\n\n  <div class=\"sobre_cell_video col-md-6 col-12\">\n    <!-- Vídeo da seção -->\n\n    <iframe width=\"560\" height=\"315\" src=\"https://www.youtube.com/embed/GY9Ke4loTJg?si=bXG4_rVFgkAD5w0P\" title=\"YouTube video player\" frameborder=\"0\" allow=\"accelerometer; autoplay; clipboard-write; encrypted-media; gyroscope; picture-in-picture; web-share\" referrerpolicy=\"strict-origin-when-cross-origin\" allowfullscreen></iframe>\n    <!-- Vídeo incorporado do YouTube -->\n    \n    <a href=\"https://sequilhato.com.br/sobre/\" class=\"celltronics-mobileonly\">SAIBA MAIS</a>\n\n  </div>\n</div>"
    },
    {
      "type": "responsive-banner",
      "img": "/img/uploads/entrar-no-grupo-vip-site-desktop.jpg",
      "link": "https://chat.whatsapp.com/FQhzPyT5t32DSoWnVkCrwo",
      "mobile_img": "/img/uploads/entrar-no-grupo-vip-site-mobile.jpg"
    },
    {
      "type": "collection-shelf",
      "shuffle": false,
      "limit": 4,
      "page": 1,
      "sort": "lowest_price",
      "collection_id": "605b291ea46e555927c40966:collections:Para Economizar 😉:/para-economizar-",
      "title": "Para Economizar 😉"
    },
    {
      "type": "responsive-banner",
      "img": "/img/uploads/banner-blog-1920x500.webp",
      "link": "https://loja.sequilhato.com.br/blog"
    },
    {
      "type": "collection-shelf",
      "shuffle": true,
      "collection_id": "5f7dcc30b2161709fa3c0b53"
    },
    {
      "type": "banners-grid",
      "banners": [
        {
          "img": "/img/uploads/banner-sequilho-doce-1280x600.webp",
          "link": "https://loja.sequilhato.com.br/sequilhos-doce"
        },
        {
          "img": "/img/uploads/banner-sequilho-salgado-1280x600.webp",
          "link": "https://loja.sequilhato.com.br/sequilhos-salgado"
        }
      ]
    },
    {
      "type": "custom-html",
      "html": "<style type=\"text/css\">\n  @import url(https://static.mailerlite.com/assets/plugins/groot/modules/includes/groot_fonts/import.css?version=11767);\n</style>\n<style type=\"text/css\">\n  .ml-form-embedSubmitLoad{display:inline-block;width:20px;height:20px}.ml-form-embedSubmitLoad:after{content:\" \";display:block;width:11px;height:11px;margin:1px;border-radius:50%;border:4px solid #fff;border-color:#fff #fff #fff transparent;animation:ml-form-embedSubmitLoad 1.2s linear infinite}@keyframes ml-form-embedSubmitLoad{0%{transform:rotate(0)}100%{transform:rotate(360deg)}}#mlb2-2839517.ml-form-embedContainer{box-sizing:border-box;display:table;margin:0 auto;position:static;width:100%!important}#mlb2-2839517.ml-form-embedContainer button,#mlb2-2839517.ml-form-embedContainer h4,#mlb2-2839517.ml-form-embedContainer p,#mlb2-2839517.ml-form-embedContainer span{text-transform:none!important;letter-spacing:normal!important}#mlb2-2839517.ml-form-embedContainer .ml-form-embedWrapper{background-color:#fff;border-width:0;border-color:transparent;border-radius:4px;border-style:solid;box-sizing:border-box;display:inline-block!important;margin:0;padding:0;position:relative}#mlb2-2839517.ml-form-embedContainer .ml-form-embedWrapper.embedDefault,#mlb2-2839517.ml-form-embedContainer .ml-form-embedWrapper.embedPopup{width:100%}#mlb2-2839517.ml-form-embedContainer .ml-form-embedWrapper.embedForm{max-width:100%;width:100%}#mlb2-2839517.ml-form-embedContainer .ml-form-align-left{text-align:left}#mlb2-2839517.ml-form-embedContainer .ml-form-align-center{text-align:center}#mlb2-2839517.ml-form-embedContainer .ml-form-align-default{display:table-cell!important;vertical-align:middle!important;text-align:center!important}#mlb2-2839517.ml-form-embedContainer .ml-form-align-right{text-align:right}#mlb2-2839517.ml-form-embedContainer .ml-form-embedWrapper .ml-form-embedHeader img{border-top-left-radius:4px;border-top-right-radius:4px;height:auto;margin:0 auto!important;max-width:100%;width:undefinedpx}#mlb2-2839517.ml-form-embedContainer .ml-form-embedWrapper .ml-form-embedBody,#mlb2-2839517.ml-form-embedContainer .ml-form-embedWrapper .ml-form-successBody{padding:20px 20px 0 20px}#mlb2-2839517.ml-form-embedContainer .ml-form-embedWrapper .ml-form-embedBody.ml-form-embedBodyHorizontal{padding-bottom:0}#mlb2-2839517.ml-form-embedContainer .ml-form-embedWrapper .ml-form-embedBody .ml-form-embedContent,#mlb2-2839517.ml-form-embedContainer .ml-form-embedWrapper .ml-form-successBody .ml-form-successContent{margin:0 0 20px 0}#mlb2-2839517.ml-form-embedContainer .ml-form-embedWrapper .ml-form-embedBody .ml-form-embedContent h4,#mlb2-2839517.ml-form-embedContainer .ml-form-embedWrapper .ml-form-successBody .ml-form-successContent h4{color:#000;font-family:'Symbol Book SSi',sans-serif;font-size:30px;font-weight:400;margin:0 0 10px 0;text-align:left;word-break:break-word}#mlb2-2839517.ml-form-embedContainer .ml-form-embedWrapper .ml-form-embedBody .ml-form-embedContent p,#mlb2-2839517.ml-form-embedContainer .ml-form-embedWrapper .ml-form-successBody .ml-form-successContent p{color:#000;font-family:'Symbol Book SSi',sans-serif;font-size:24px;font-weight:400;line-height:30px;margin:0 0 10px 0;text-align:left}#mlb2-2839517.ml-form-embedContainer .ml-form-embedWrapper .ml-form-embedBody .ml-form-embedContent ol,#mlb2-2839517.ml-form-embedContainer .ml-form-embedWrapper .ml-form-embedBody .ml-form-embedContent ul,#mlb2-2839517.ml-form-embedContainer .ml-form-embedWrapper .ml-form-successBody .ml-form-successContent ol,#mlb2-2839517.ml-form-embedContainer .ml-form-embedWrapper .ml-form-successBody .ml-form-successContent ul{color:#000;font-family:'Symbol Book SSi',sans-serif;font-size:24px}#mlb2-2839517.ml-form-embedContainer .ml-form-embedWrapper .ml-form-embedBody .ml-form-embedContent p a,#mlb2-2839517.ml-form-embedContainer .ml-form-embedWrapper .ml-form-successBody .ml-form-successContent p a{color:#000;text-decoration:underline}#mlb2-2839517.ml-form-embedContainer .ml-form-embedWrapper .ml-block-form .ml-field-group{text-align:left!important}#mlb2-2839517.ml-form-embedContainer .ml-form-embedWrapper .ml-block-form .ml-field-group label{margin-bottom:5px;color:#333;font-size:14px;font-family:'Open Sans',Arial,Helvetica,sans-serif;font-weight:700;font-style:normal;text-decoration:none;display:inline-block;line-height:20px}#mlb2-2839517.ml-form-embedContainer .ml-form-embedWrapper .ml-form-embedBody .ml-form-embedContent p:last-child,#mlb2-2839517.ml-form-embedContainer .ml-form-embedWrapper .ml-form-successBody .ml-form-successContent p:last-child{margin:0}#mlb2-2839517.ml-form-embedContainer .ml-form-embedWrapper .ml-form-embedBody form{margin:0;width:100%}#mlb2-2839517.ml-form-embedContainer .ml-form-embedWrapper .ml-form-embedBody .ml-form-checkboxRow,#mlb2-2839517.ml-form-embedContainer .ml-form-embedWrapper .ml-form-embedBody .ml-form-formContent{margin:0 0 20px 0;width:100%}#mlb2-2839517.ml-form-embedContainer .ml-form-embedWrapper .ml-form-embedBody .ml-form-checkboxRow{float:left}#mlb2-2839517.ml-form-embedContainer .ml-form-embedWrapper .ml-form-embedBody .ml-form-formContent.horozintalForm{margin:0;padding:0 0 20px 0;width:100%;height:auto;float:left}#mlb2-2839517.ml-form-embedContainer .ml-form-embedWrapper .ml-form-embedBody .ml-form-fieldRow{margin:0 0 10px 0;width:100%}#mlb2-2839517.ml-form-embedContainer .ml-form-embedWrapper .ml-form-embedBody .ml-form-fieldRow.ml-last-item{margin:0}#mlb2-2839517.ml-form-embedContainer .ml-form-embedWrapper .ml-form-embedBody .ml-form-fieldRow.ml-formfieldHorizintal{margin:0}#mlb2-2839517.ml-form-embedContainer .ml-form-embedWrapper .ml-form-embedBody .ml-form-fieldRow input{background-color:#fff!important;color:#333!important;border-color:#ccc!important;border-radius:4px!important;border-style:solid!important;border-width:1px!important;font-family:'Symbol Book SSi',sans-serif;font-size:14px!important;height:auto;line-height:21px!important;margin-bottom:0;margin-top:0;margin-left:0;margin-right:0;padding:10px 10px!important;width:100%!important;box-sizing:border-box!important;max-width:100%!important}#mlb2-2839517.ml-form-embedContainer .ml-form-embedWrapper .ml-form-embedBody .ml-form-fieldRow input::-webkit-input-placeholder,#mlb2-2839517.ml-form-embedContainer .ml-form-embedWrapper .ml-form-embedBody .ml-form-horizontalRow input::-webkit-input-placeholder{color:#333}#mlb2-2839517.ml-form-embedContainer .ml-form-embedWrapper .ml-form-embedBody .ml-form-fieldRow input::-moz-placeholder,#mlb2-2839517.ml-form-embedContainer .ml-form-embedWrapper .ml-form-embedBody .ml-form-horizontalRow input::-moz-placeholder{color:#333}#mlb2-2839517.ml-form-embedContainer .ml-form-embedWrapper .ml-form-embedBody .ml-form-fieldRow input:-ms-input-placeholder,#mlb2-2839517.ml-form-embedContainer .ml-form-embedWrapper .ml-form-embedBody .ml-form-horizontalRow input:-ms-input-placeholder{color:#333}#mlb2-2839517.ml-form-embedContainer .ml-form-embedWrapper .ml-form-embedBody .ml-form-fieldRow input:-moz-placeholder,#mlb2-2839517.ml-form-embedContainer .ml-form-embedWrapper .ml-form-embedBody .ml-form-horizontalRow input:-moz-placeholder{color:#333}#mlb2-2839517.ml-form-embedContainer .ml-form-embedWrapper .ml-form-embedBody .ml-form-fieldRow textarea,#mlb2-2839517.ml-form-embedContainer .ml-form-embedWrapper .ml-form-embedBody .ml-form-horizontalRow textarea{background-color:#fff!important;color:#333!important;border-color:#ccc!important;border-radius:4px!important;border-style:solid!important;border-width:1px!important;font-family:'Symbol Book SSi',sans-serif;font-size:14px!important;height:auto;line-height:21px!important;margin-bottom:0;margin-top:0;padding:10px 10px!important;width:100%!important;box-sizing:border-box!important;max-width:100%!important}#mlb2-2839517.ml-form-embedContainer .ml-form-embedWrapper .ml-form-embedBody .ml-form-checkboxRow .label-description::before,#mlb2-2839517.ml-form-embedContainer .ml-form-embedWrapper .ml-form-embedBody .ml-form-embedPermissions .ml-form-embedPermissionsOptionsCheckbox .label-description::before,#mlb2-2839517.ml-form-embedContainer .ml-form-embedWrapper .ml-form-embedBody .ml-form-fieldRow .custom-checkbox .custom-control-label::before,#mlb2-2839517.ml-form-embedContainer .ml-form-embedWrapper .ml-form-embedBody .ml-form-fieldRow .custom-radio .custom-control-label::before,#mlb2-2839517.ml-form-embedContainer .ml-form-embedWrapper .ml-form-embedBody .ml-form-horizontalRow .custom-checkbox .custom-control-label::before,#mlb2-2839517.ml-form-embedContainer .ml-form-embedWrapper .ml-form-embedBody .ml-form-horizontalRow .custom-radio .custom-control-label::before,#mlb2-2839517.ml-form-embedContainer .ml-form-embedWrapper .ml-form-embedBody .ml-form-interestGroupsRow .ml-form-interestGroupsRowCheckbox .label-description::before{border-color:#ccc!important;background-color:#fff!important}#mlb2-2839517.ml-form-embedContainer .ml-form-embedWrapper .ml-form-embedBody .ml-form-fieldRow input.custom-control-input[type=checkbox]{box-sizing:border-box;padding:0;position:absolute;z-index:-1;opacity:0;margin-top:5px;margin-left:-24px;overflow:visible}#mlb2-2839517.ml-form-embedContainer .ml-form-embedWrapper .ml-form-embedBody .ml-form-checkboxRow .label-description::before,#mlb2-2839517.ml-form-embedContainer .ml-form-embedWrapper .ml-form-embedBody .ml-form-embedPermissions .ml-form-embedPermissionsOptionsCheckbox .label-description::before,#mlb2-2839517.ml-form-embedContainer .ml-form-embedWrapper .ml-form-embedBody .ml-form-fieldRow .custom-checkbox .custom-control-label::before,#mlb2-2839517.ml-form-embedContainer .ml-form-embedWrapper .ml-form-embedBody .ml-form-horizontalRow .custom-checkbox .custom-control-label::before,#mlb2-2839517.ml-form-embedContainer .ml-form-embedWrapper .ml-form-embedBody .ml-form-interestGroupsRow .ml-form-interestGroupsRowCheckbox .label-description::before{border-radius:4px!important}#mlb2-2839517.ml-form-embedContainer .ml-form-embedWrapper .ml-form-embedBody .ml-form-checkboxRow input[type=checkbox]:checked~.label-description::after,#mlb2-2839517.ml-form-embedContainer .ml-form-embedWrapper .ml-form-embedBody .ml-form-embedPermissions .ml-form-embedPermissionsOptionsCheckbox input[type=checkbox]:checked~.label-description::after,#mlb2-2839517.ml-form-embedContainer .ml-form-embedWrapper .ml-form-embedBody .ml-form-fieldRow .custom-checkbox .custom-control-input:checked~.custom-control-label::after,#mlb2-2839517.ml-form-embedContainer .ml-form-embedWrapper .ml-form-embedBody .ml-form-horizontalRow .custom-checkbox .custom-control-input:checked~.custom-control-label::after,#mlb2-2839517.ml-form-embedContainer .ml-form-embedWrapper .ml-form-embedBody .ml-form-interestGroupsRow .ml-form-interestGroupsRowCheckbox input[type=checkbox]:checked~.label-description::after{background-color:#fff;mask-image:url(https://bucket.mlcdn.com/images/default/arrow.svg);-webkit-mask-image:url(https://bucket.mlcdn.com/images/default/arrow.svg)}#mlb2-2839517.ml-form-embedContainer .ml-form-embedWrapper .ml-form-embedBody .ml-form-fieldRow .custom-radio .custom-control-input:checked~.custom-control-label::after{background-color:#fff;mask-image:url(https://bucket.mlcdn.com/images/default/circle.svg);-webkit-mask-image:url(https://bucket.mlcdn.com/images/default/circle.svg)}#mlb2-2839517.ml-form-embedContainer .ml-form-embedWrapper .ml-form-embedBody .ml-form-checkboxRow input[type=checkbox]:checked~.label-description::before,#mlb2-2839517.ml-form-embedContainer .ml-form-embedWrapper .ml-form-embedBody .ml-form-embedPermissions .ml-form-embedPermissionsOptionsCheckbox input[type=checkbox]:checked~.label-description::before,#mlb2-2839517.ml-form-embedContainer .ml-form-embedWrapper .ml-form-embedBody .ml-form-fieldRow .custom-checkbox .custom-control-input:checked~.custom-control-label::before,#mlb2-2839517.ml-form-embedContainer .ml-form-embedWrapper .ml-form-embedBody .ml-form-fieldRow .custom-radio .custom-control-input:checked~.custom-control-label::before,#mlb2-2839517.ml-form-embedContainer .ml-form-embedWrapper .ml-form-embedBody .ml-form-horizontalRow .custom-checkbox .custom-control-input:checked~.custom-control-label::before,#mlb2-2839517.ml-form-embedContainer .ml-form-embedWrapper .ml-form-embedBody .ml-form-horizontalRow .custom-radio .custom-control-input:checked~.custom-control-label::before,#mlb2-2839517.ml-form-embedContainer .ml-form-embedWrapper .ml-form-embedBody .ml-form-interestGroupsRow .ml-form-interestGroupsRowCheckbox input[type=checkbox]:checked~.label-description::before{border-color:#802e34!important;background-color:#802e34!important;color:#fff!important}#mlb2-2839517.ml-form-embedContainer .ml-form-embedWrapper .ml-form-embedBody .ml-form-fieldRow .custom-checkbox .custom-control-label::after,#mlb2-2839517.ml-form-embedContainer .ml-form-embedWrapper .ml-form-embedBody .ml-form-fieldRow .custom-checkbox .custom-control-label::before,#mlb2-2839517.ml-form-embedContainer .ml-form-embedWrapper .ml-form-embedBody .ml-form-fieldRow .custom-radio .custom-control-label::after,#mlb2-2839517.ml-form-embedContainer .ml-form-embedWrapper .ml-form-embedBody .ml-form-fieldRow .custom-radio .custom-control-label::before,#mlb2-2839517.ml-form-embedContainer .ml-form-embedWrapper .ml-form-embedBody .ml-form-horizontalRow .custom-checkbox .custom-control-label::after,#mlb2-2839517.ml-form-embedContainer .ml-form-embedWrapper .ml-form-embedBody .ml-form-horizontalRow .custom-checkbox .custom-control-label::before,#mlb2-2839517.ml-form-embedContainer .ml-form-embedWrapper .ml-form-embedBody .ml-form-horizontalRow .custom-radio .custom-control-label::after,#mlb2-2839517.ml-form-embedContainer .ml-form-embedWrapper .ml-form-embedBody .ml-form-horizontalRow .custom-radio .custom-control-label::before{top:2;box-sizing:border-box}#mlb2-2839517.ml-form-embedContainer .ml-form-embedWrapper .ml-form-embedBody .ml-form-checkboxRow .label-description::after,#mlb2-2839517.ml-form-embedContainer .ml-form-embedWrapper .ml-form-embedBody .ml-form-checkboxRow .label-description::before,#mlb2-2839517.ml-form-embedContainer .ml-form-embedWrapper .ml-form-embedBody .ml-form-embedPermissions .ml-form-embedPermissionsOptionsCheckbox .label-description::after,#mlb2-2839517.ml-form-embedContainer .ml-form-embedWrapper .ml-form-embedBody .ml-form-embedPermissions .ml-form-embedPermissionsOptionsCheckbox .label-description::before{top:0!important;box-sizing:border-box!important}#mlb2-2839517.ml-form-embedContainer .ml-form-embedWrapper .ml-form-embedBody .ml-form-checkboxRow .label-description::after,#mlb2-2839517.ml-form-embedContainer .ml-form-embedWrapper .ml-form-embedBody .ml-form-checkboxRow .label-description::before{top:0!important;box-sizing:border-box!important}#mlb2-2839517.ml-form-embedContainer .ml-form-embedWrapper .ml-form-embedBody .ml-form-interestGroupsRow .ml-form-interestGroupsRowCheckbox .label-description::after{top:3px!important;box-sizing:border-box!important;position:absolute;left:-21px;display:block;width:10px;height:10px;content:\"\"}#mlb2-2839517.ml-form-embedContainer .ml-form-embedWrapper .ml-form-embedBody .ml-form-interestGroupsRow .ml-form-interestGroupsRowCheckbox .label-description::before{top:0!important;box-sizing:border-box!important}#mlb2-2839517.ml-form-embedContainer .ml-form-embedWrapper .ml-form-embedBody .custom-control-label::before{position:absolute;top:4px;left:-24px;display:block;width:16px;height:16px;pointer-events:none;content:\"\";background-color:#fff;border:#adb5bd solid 1px;border-radius:50%}#mlb2-2839517.ml-form-embedContainer .ml-form-embedWrapper .ml-form-embedBody .custom-control-label::after{position:absolute;top:5px!important;left:-21px;display:block;width:10px;height:10px;content:\"\"}#mlb2-2839517.ml-form-embedContainer .ml-form-embedWrapper .ml-form-embedBody .ml-form-checkboxRow .label-description::before,#mlb2-2839517.ml-form-embedContainer .ml-form-embedWrapper .ml-form-embedBody .ml-form-embedPermissions .ml-form-embedPermissionsOptionsCheckbox .label-description::before,#mlb2-2839517.ml-form-embedContainer .ml-form-embedWrapper .ml-form-embedBody .ml-form-interestGroupsRow .ml-form-interestGroupsRowCheckbox .label-description::before{position:absolute;top:4px;left:-24px;display:block;width:16px;height:16px;pointer-events:none;content:\"\";background-color:#fff;border:#adb5bd solid 1px;border-radius:50%}#mlb2-2839517.ml-form-embedContainer .ml-form-embedWrapper .ml-form-embedBody .ml-form-embedPermissions .ml-form-embedPermissionsOptionsCheckbox .label-description::after{position:absolute;top:3px!important;left:-21px;display:block;width:10px;height:10px;content:\"\"}#mlb2-2839517.ml-form-embedContainer .ml-form-embedWrapper .ml-form-embedBody .ml-form-checkboxRow .label-description::after{position:absolute;top:3px!important;left:-21px;display:block;width:10px;height:10px;content:\"\"}#mlb2-2839517.ml-form-embedContainer .ml-form-embedWrapper .ml-form-embedBody .custom-radio .custom-control-label::after{background:no-repeat 50%/50% 50%}#mlb2-2839517.ml-form-embedContainer .ml-form-embedWrapper .ml-form-embedBody .custom-checkbox .custom-control-label::after,#mlb2-2839517.ml-form-embedContainer .ml-form-embedWrapper .ml-form-embedBody .ml-form-checkboxRow .label-description::after,#mlb2-2839517.ml-form-embedContainer .ml-form-embedWrapper .ml-form-embedBody .ml-form-embedPermissions .ml-form-embedPermissionsOptionsCheckbox .label-description::after,#mlb2-2839517.ml-form-embedContainer .ml-form-embedWrapper .ml-form-embedBody .ml-form-interestGroupsRow .ml-form-interestGroupsRowCheckbox .label-description::after{background:no-repeat 50%/50% 50%}#mlb2-2839517.ml-form-embedContainer .ml-form-embedWrapper .ml-form-embedBody .ml-form-fieldRow .custom-control,#mlb2-2839517.ml-form-embedContainer .ml-form-embedWrapper .ml-form-embedBody .ml-form-horizontalRow .custom-control{position:relative;display:block;min-height:1.5rem;padding-left:1.5rem}#mlb2-2839517.ml-form-embedContainer .ml-form-embedWrapper .ml-form-embedBody .ml-form-fieldRow .custom-checkbox .custom-control-input,#mlb2-2839517.ml-form-embedContainer .ml-form-embedWrapper .ml-form-embedBody .ml-form-fieldRow .custom-radio .custom-control-input,#mlb2-2839517.ml-form-embedContainer .ml-form-embedWrapper .ml-form-embedBody .ml-form-horizontalRow .custom-checkbox .custom-control-input,#mlb2-2839517.ml-form-embedContainer .ml-form-embedWrapper .ml-form-embedBody .ml-form-horizontalRow .custom-radio .custom-control-input{position:absolute;z-index:-1;opacity:0;box-sizing:border-box;padding:0}#mlb2-2839517.ml-form-embedContainer .ml-form-embedWrapper .ml-form-embedBody .ml-form-fieldRow .custom-checkbox .custom-control-label,#mlb2-2839517.ml-form-embedContainer .ml-form-embedWrapper .ml-form-embedBody .ml-form-fieldRow .custom-radio .custom-control-label,#mlb2-2839517.ml-form-embedContainer .ml-form-embedWrapper .ml-form-embedBody .ml-form-horizontalRow .custom-checkbox .custom-control-label,#mlb2-2839517.ml-form-embedContainer .ml-form-embedWrapper .ml-form-embedBody .ml-form-horizontalRow .custom-radio .custom-control-label{color:#000;font-size:12px!important;font-family:'Open Sans',Arial,Helvetica,sans-serif;line-height:22px;margin-bottom:0;position:relative;vertical-align:top;font-style:normal;font-weight:700}#mlb2-2839517.ml-form-embedContainer .ml-form-embedWrapper .ml-form-embedBody .ml-form-fieldRow .custom-select,#mlb2-2839517.ml-form-embedContainer .ml-form-embedWrapper .ml-form-embedBody .ml-form-horizontalRow .custom-select{background-color:#fff!important;color:#333!important;border-color:#ccc!important;border-radius:4px!important;border-style:solid!important;border-width:1px!important;font-family:'Symbol Book SSi',sans-serif;font-size:14px!important;line-height:20px!important;margin-bottom:0;margin-top:0;padding:10px 28px 10px 12px!important;width:100%!important;box-sizing:border-box!important;max-width:100%!important;height:auto;display:inline-block;vertical-align:middle;background:url(https://bucket.mlcdn.com/images/default/dropdown.svg) no-repeat right .75rem center/8px 10px;-webkit-appearance:none;-moz-appearance:none;appearance:none}#mlb2-2839517.ml-form-embedContainer .ml-form-embedWrapper .ml-form-embedBody .ml-form-horizontalRow{height:auto;width:100%;float:left}.ml-form-formContent.horozintalForm .ml-form-horizontalRow .ml-input-horizontal{width:70%;float:left}.ml-form-formContent.horozintalForm .ml-form-horizontalRow .ml-button-horizontal{width:30%;float:left}.ml-form-formContent.horozintalForm .ml-form-horizontalRow .ml-button-horizontal.labelsOn{padding-top:25px}.ml-form-formContent.horozintalForm .ml-form-horizontalRow .horizontal-fields{box-sizing:border-box;float:left;padding-right:10px}#mlb2-2839517.ml-form-embedContainer .ml-form-embedWrapper .ml-form-embedBody .ml-form-horizontalRow input{background-color:#fff;color:#333;border-color:#ccc;border-radius:4px;border-style:solid;border-width:1px;font-family:'Symbol Book SSi',sans-serif;font-size:14px;line-height:20px;margin-bottom:0;margin-top:0;padding:10px 10px;width:100%;box-sizing:border-box;overflow-y:initial}#mlb2-2839517.ml-form-embedContainer .ml-form-embedWrapper .ml-form-embedBody .ml-form-horizontalRow button{background-color:#802e34!important;border-color:#802e34;border-style:solid;border-width:1px;border-radius:4px;box-shadow:none;color:#fff!important;cursor:pointer;font-family:'Symbol Book SSi',sans-serif;font-size:14px!important;font-weight:700;line-height:20px;margin:0!important;padding:10px!important;width:100%;height:auto}#mlb2-2839517.ml-form-embedContainer .ml-form-embedWrapper .ml-form-embedBody .ml-form-horizontalRow button:hover{background-color:#a36265!important;border-color:#a36265!important}#mlb2-2839517.ml-form-embedContainer .ml-form-embedWrapper .ml-form-embedBody .ml-form-checkboxRow input[type=checkbox]{box-sizing:border-box;padding:0;position:absolute;z-index:-1;opacity:0;margin-top:5px;margin-left:-24px;overflow:visible}#mlb2-2839517.ml-form-embedContainer .ml-form-embedWrapper .ml-form-embedBody .ml-form-checkboxRow .label-description{color:#000;display:block;font-family:'Open Sans',Arial,Helvetica,sans-serif;font-size:12px;text-align:left;margin-bottom:0;position:relative;vertical-align:top}#mlb2-2839517.ml-form-embedContainer .ml-form-embedWrapper .ml-form-embedBody .ml-form-checkboxRow label{font-weight:400;margin:0;padding:0;position:relative;display:block;min-height:24px;padding-left:24px}#mlb2-2839517.ml-form-embedContainer .ml-form-embedWrapper .ml-form-embedBody .ml-form-checkboxRow label a{color:#000;text-decoration:underline}#mlb2-2839517.ml-form-embedContainer .ml-form-embedWrapper .ml-form-embedBody .ml-form-checkboxRow label p{color:#000!important;font-family:'Open Sans',Arial,Helvetica,sans-serif!important;font-size:12px!important;font-weight:400!important;line-height:18px!important;padding:0!important;margin:0 5px 0 0!important}#mlb2-2839517.ml-form-embedContainer .ml-form-embedWrapper .ml-form-embedBody .ml-form-checkboxRow label p:last-child{margin:0}#mlb2-2839517.ml-form-embedContainer .ml-form-embedWrapper .ml-form-embedBody .ml-form-embedSubmit{margin:0 0 20px 0;float:left;width:100%}#mlb2-2839517.ml-form-embedContainer .ml-form-embedWrapper .ml-form-embedBody .ml-form-embedSubmit button{background-color:#802e34!important;border:none!important;border-radius:4px!important;box-shadow:none!important;color:#fff!important;cursor:pointer;font-family:'Symbol Book SSi',sans-serif!important;font-size:14px!important;font-weight:700!important;line-height:21px!important;height:auto;padding:10px!important;width:100%!important;box-sizing:border-box!important}#mlb2-2839517.ml-form-embedContainer .ml-form-embedWrapper .ml-form-embedBody .ml-form-embedSubmit button.loading{display:none}#mlb2-2839517.ml-form-embedContainer .ml-form-embedWrapper .ml-form-embedBody .ml-form-embedSubmit button:hover{background-color:#a36265!important}.ml-subscribe-close{width:30px;height:30px;background:url(https://bucket.mlcdn.com/images/default/modal_close.png) no-repeat;background-size:30px;cursor:pointer;margin-top:-10px;margin-right:-10px;position:absolute;top:0;right:0}.ml-error input{background:url(https://bucket.mlcdn.com/images/default/error-icon.png) 98% center no-repeat #fff!important;background-size:24px 24px!important}.ml-error .label-description,.ml-error .label-description p,.ml-error .label-description p a,.ml-error label:first-child{color:red!important}#mlb2-2839517.ml-form-embedContainer .ml-form-embedWrapper .ml-form-embedBody .ml-form-checkboxRow.ml-error .label-description p,#mlb2-2839517.ml-form-embedContainer .ml-form-embedWrapper .ml-form-embedBody .ml-form-checkboxRow.ml-error .label-description p:first-letter{color:red!important}@media only screen and (max-width:400px){.ml-form-embedWrapper.embedDefault,.ml-form-embedWrapper.embedPopup{width:100%!important}.ml-form-formContent.horozintalForm{float:left!important}.ml-form-formContent.horozintalForm .ml-form-horizontalRow{height:auto!important;width:100%!important;float:left!important}.ml-form-formContent.horozintalForm .ml-form-horizontalRow .ml-input-horizontal{width:100%!important}.ml-form-formContent.horozintalForm .ml-form-horizontalRow .ml-input-horizontal>div{padding-right:0!important;padding-bottom:10px}.ml-form-formContent.horozintalForm .ml-button-horizontal{width:100%!important}.ml-form-formContent.horozintalForm .ml-button-horizontal.labelsOn{padding-top:0!important}}\n</style>\n<style type=\"text/css\">\n  .ml-mobileButton-horizontal{display:none}#mlb2-2839517 .ml-mobileButton-horizontal button{background-color:#802e34!important;border-color:#802e34!important;border-style:solid!important;border-width:1px!important;border-radius:4px!important;box-shadow:none!important;color:#fff!important;cursor:pointer;font-family:'Symbol Book SSi',sans-serif!important;font-size:14px!important;font-weight:700!important;line-height:20px!important;padding:10px!important;width:100%!important}@media only screen and (max-width:400px){#mlb2-2839517.ml-form-embedContainer .ml-form-embedWrapper .ml-form-embedBody .ml-form-formContent.horozintalForm{padding:0 0 10px 0!important}.ml-hide-horizontal{display:none!important}.ml-form-formContent.horozintalForm .ml-button-horizontal{display:none!important}.ml-mobileButton-horizontal{display:block!important;margin-bottom:20px}.ml-form-formContent.horozintalForm .ml-form-horizontalRow .ml-input-horizontal>div{padding-bottom:0!important}}\n</style>\n<style type=\"text/css\">\n  @media only screen and (max-width:400px){.ml-form-formContent.horozintalForm .ml-form-horizontalRow .horizontal-fields{margin-bottom:10px!important;width:100%!important}}\n</style>\n<div id=\"mlb2-2839517\" class=\"ml-form-embedContainer ml-subscribe-form ml-subscribe-form-2839517\">\n  <div class=\"ml-form-align-center\">\n    <div class=\"ml-form-embedWrapper embedForm\">\n      <div class=\"ml-form-embedBody ml-form-embedBodyHorizontal row-form\">\n        <div class=\"ml-form-embedContent\" style=\"\">\n          <h4></h4>\n          <p>Quer receber, dicas e promoções? Cadastre-se 😊</p>\n        </div>\n        <form class=\"ml-block-form\" action=\"https://static.mailerlite.com/webforms/submit/q3j9b7\" data-code=\"q3j9b7\" method=\"post\" target=\"_blank\">\n          <div class=\"ml-form-formContent horozintalForm\">\n            <div class=\"ml-form-horizontalRow\">\n              <div class=\"ml-input-horizontal\">\n                <div style=\"width:50%\" class=\"horizontal-fields\">\n                  <div class=\"ml-field-group ml-field-name\">\n                    <input type=\"text\" class=\"form-control\" data-inputmask=\"\" name=\"fields[name]\" placeholder=\"Nome\" autocomplete=\"name\">\n                  </div>\n                </div>\n                <div style=\"width:50%\" class=\"horizontal-fields\">\n                  <div class=\"ml-field-group ml-field-email ml-validate-email ml-validate-required\">\n                    <input type=\"email\" class=\"form-control\" data-inputmask=\"\" name=\"fields[email]\" placeholder=\"Email\" autocomplete=\"email\">\n                  </div>\n                </div>\n              </div>\n              <div class=\"ml-button-horizontal primary\">\n                <button type=\"submit\" class=\"primary\">CADASTRAR</button>\n                <button disabled=\"disabled\" style=\"display:none\" type=\"button\" class=\"loading\"> <div class=\"ml-form-embedSubmitLoad\"><div></div><div></div><div></div><div></div></div> </button>\n              </div>\n            </div>\n          </div>\n          <input type=\"hidden\" name=\"ml-submit\" value=\"1\">\n          <div class=\"ml-mobileButton-horizontal\">\n            <button type=\"submit\" class=\"primary\">CADASTRAR</button>\n            <button disabled=\"disabled\" style=\"display:none\" type=\"button\" class=\"loading\"> <div class=\"ml-form-embedSubmitLoad\"><div></div><div></div><div></div><div></div></div> </button>\n          </div>\n        </form>\n      </div>\n      <div class=\"ml-form-successBody row-success\" style=\"display:none\">\n        <div class=\"ml-form-successContent\">\n          <h4>Muito Obrigada!</h4>\n          <p>Seu cadastro foi realizado com sucesso! A partir de agora você receberá nossas ofertas e dicas diretamente no seu email.</p>\n        </div>\n      </div>\n    </div>\n  </div>\n</div>\n<script>\n  function ml_webform_success_2839517(){var r=ml_jQuery||jQuery;r(\".ml-subscribe-form-2839517 .row-success\").show(),r(\".ml-subscribe-form-2839517 .row-form\").hide()}\n</script>\n<img src=\"https://track.mailerlite.com/webforms/o/2839517/q3j9b7?v1602675726\" width=\"1\" height=\"1\" style=\"max-width:1px;max-height:1px;visibility:hidden;padding:0;margin:0;display:block\" alt=\".\" border=\"0\">\n<script src=\"https://static.mailerlite.com/js/w/webforms.min.js?v3fd38428efea6ca0487b1230e27a86c6\" type=\"text/javascript\"></script>\n"
    },
    {
      "type": "responsive-banner",
      "img": "/img/uploads/banner-atacado-1920x500.webp",
      "link": "https://docs.google.com/forms/d/e/1FAIpQLSf9jF_t_0FzHXt3fQOF40DD6g55ge89ISYEj0M2YrDFpA3A9A/viewform"
    }
  ]
}